primeiro_nome,sobrenome,email,idade,genero,username,password
Gary, Perkins, gary.perkins@example.com, 53, male, redswan908, avalon
Väinö, Lehtinen, vaino.lehtinen@example.com, 67, male, bluemeercat706, mozart
Eemil, Nevala, eemil.nevala@example.com, 26, male, bluepanda725, flexible
Lori, Freeman, lori.freeman@example.com, 69, female, lazybutterfly739, goober
Elias, Halko, elias.halko@example.com, 36, male, orangebear390, starter
Sandro, Le Gall, sandro.legall@example.com, 55, male, yellowpanda304, 33333
Carrie, Fuller, carrie.fuller@example.com, 34, female, sadswan975, coolguy
Emily, Mills, emily.mills@example.com, 54, female, orangeleopard331, liquid
Kadir, Kumcuoğlu, kadir.kumcuoglu@example.com, 68, male, goldenfish572, reaper
Werner, Moulin, werner.moulin@example.com, 50, male, smallbird897, bones
Joshua, Moore, joshua.moore@example.com, 35, male, browngorilla797, 911911
Ruben, Goemans, ruben.goemans@example.com, 61, male, beautifulelephant879, lloyd
Alexandra, Green, alexandra.green@example.com, 40, female, sadgorilla578, rockets
Ariana, Thompson, ariana.thompson@example.com, 48, female, brownleopard482, gunther
Peetu, Lampi, peetu.lampi@example.com, 53, male, crazybird758, dolphins
Abigail, Scott, abigail.scott@example.com, 67, female, crazycat235, holmes
Darryl, Cole, darryl.cole@example.com, 29, male, bluepeacock216, obsidian
Misty, Murphy, misty.murphy@example.com, 76, female, organicladybug572, moscow
Aliya, Birkedal, aliya.birkedal@example.com, 59, female, purplepanda739, nnnnnnnn
Nelson, da Rocha, nelson.darocha@example.com, 44, male, sadmouse410, twisted
Justin, Henry, justin.henry@example.com, 62, male, whitewolf753, nude
Yasemin, Akar, yasemin.akar@example.com, 31, female, purpleswan342, doberman
علی رضا, علیزاده, aalyrd.aalyzdh@example.com, 70, male, angryladybug924, viewer
Isobel, Hudson, isobel.hudson@example.com, 58, female, silverfrog659, naughty
Isabelina, Monteiro, isabelina.monteiro@example.com, 48, female, brownelephant498, addison
Evangelino, Cavalcanti, evangelino.cavalcanti@example.com, 49, male, greenmouse472, wolfpack
Ryan, Singh, ryan.singh@example.com, 65, male, angrytiger331, brandi
Janet, Barnett, janet.barnett@example.com, 57, female, yellowfish352, boogie
Laurie, Campbell, laurie.campbell@example.com, 68, female, browndog454, crystal
Clifton, Stewart, clifton.stewart@example.com, 26, male, angrypeacock986, chao
Olea, Boge, olea.boge@example.com, 33, female, silverwolf848, rangers1
Kübra, Karaer, kubra.karaer@example.com, 33, female, crazypanda534, military
Müslüm, Putters, muslum.putters@example.com, 42, male, redsnake398, 494949
Maeva, Novak, maeva.novak@example.com, 56, female, greenfish888, taco
Ismail, Hegglund, ismail.hegglund@example.com, 41, male, bluepanda860, stylus
Oscar, Moore, oscar.moore@example.com, 61, male, redduck841, federico
Ben, Cole, ben.cole@example.com, 65, male, orangepeacock787, pong
Samuel, Liu, samuel.liu@example.com, 33, male, silverostrich820, asses
Kristina, Thomas, kristina.thomas@example.com, 61, female, bluelion977, swingers
Teodemiro, Rocha, teodemiro.rocha@example.com, 24, male, bigelephant206, cheyenne
Niko, Grünewald, niko.grunewald@example.com, 68, male, smallfish909, 747474
Lucélia, Carvalho, lucelia.carvalho@example.com, 54, female, angryswan157, fatty
Eleanor, Mcdonalid, eleanor.mcdonalid@example.com, 67, female, goldengoose405, bluemoon
Anna, Alvarez, anna.alvarez@example.com, 72, female, brownlion566, pantie
Kyle, Woods, kyle.woods@example.com, 37, male, silverbear737, fenway
Matthew, Singh, matthew.singh@example.com, 25, male, organicladybug258, muffy
Ceyhan, Yorulmaz, ceyhan.yorulmaz@example.com, 38, female, purpledog516, naked
Marcus, Sørensen, marcus.sorensen@example.com, 30, male, greenzebra152, farside
Adamantino, Gonçalves, adamantino.goncalves@example.com, 23, male, purpleelephant166, olemiss
Danielle, Perkins, danielle.perkins@example.com, 30, female, whitedog234, vbnm
Tabea, Dubois, tabea.dubois@example.com, 31, female, tinykoala681, ducks
Louis, Roy, louis.roy@example.com, 54, male, bigelephant769, hookem
Tina, Chapman, tina.chapman@example.com, 33, female, ticklishladybug617, gators
Daisy, Jennings, daisy.jennings@example.com, 76, female, blackcat798, jordan1
Gregorio, Rodriguez, gregorio.rodriguez@example.com, 39, male, whiteostrich130, horse
Georgia, Moore, georgia.moore@example.com, 57, female, tinybutterfly632, kathleen
Alejandro, Serrano, alejandro.serrano@example.com, 37, male, greenlion744, carol
Nathan, Harris, nathan.harris@example.com, 29, male, reddog137, ocean
Marguerite, Lefevre, marguerite.lefevre@example.com, 36, female, yellowgorilla971, access
Gesche, Gerdes, gesche.gerdes@example.com, 42, female, happylion223, japanes
Eelis, Kivisto, eelis.kivisto@example.com, 53, male, blackladybug393, shot
Gabrielle, Martin, gabrielle.martin@example.com, 27, female, greenrabbit982, ducati
Brit, Bergervoet, brit.bergervoet@example.com, 38, female, smallmouse749, philips
Eemil, Jutila, eemil.jutila@example.com, 74, male, orangegorilla124, ffff
Lilja, Jarvela, lilja.jarvela@example.com, 42, female, lazydog425, bluesman
Otto, Lepisto, otto.lepisto@example.com, 48, male, tinymouse653, epsilon
علیرضا, گلشن, aalyrd.glshn@example.com, 67, male, yellowcat584, beng
Signe, Poulsen, signe.poulsen@example.com, 67, female, happyswan230, bigdog1
Walter, Wagner, walter.wagner@example.com, 70, male, beautifulgorilla729, giraffe
André, Ten Wolde, andre.tenwolde@example.com, 27, male, ticklishswan378, chase
نیایش, احمدی, nyysh.hmdy@example.com, 45, female, whitepanda724, walleye
Mia, Tremblay, mia.tremblay@example.com, 65, female, yellowladybug764, happy123
Hanaé, Marchand, hanae.marchand@example.com, 65, female, blacksnake172, money
Abdi, Fitters, abdi.fitters@example.com, 75, male, purplezebra877, foreplay
Bob, Robinson, bob.robinson@example.com, 74, male, angrydog123, consumer
Sienna, Fylling, sienna.fylling@example.com, 56, female, lazybird538, shuan
Lotta, Aro, lotta.aro@example.com, 47, female, yellowgoose592, whatsup
Werner, Reis, werner.reis@example.com, 47, male, saddog181, hilary
Paolo, Leclercq, paolo.leclercq@example.com, 36, male, crazydog300, pokey
Hélèna, Lucas, helena.lucas@example.com, 27, female, sadmeercat622, allen1
Alejandra, Moya, alejandra.moya@example.com, 23, female, angrybear735, wyoming
Olivier, Bélanger, olivier.belanger@example.com, 40, male, silvergoose651, skylar
Sander, Møller, sander.moller@example.com, 54, male, redfrog765, bobdylan
Paul, Owens, paul.owens@example.com, 52, male, beautifulfish635, willie
Emily, Bélanger, emily.belanger@example.com, 67, female, beautifulfrog417, chevy1
Chad, Frazier, chad.frazier@example.com, 68, male, smalllion753, inferno
Virgil, Curtis, virgil.curtis@example.com, 67, male, beautifulfrog907, tango
مارال, نكو نظر, mrl.nkwnzr@example.com, 55, female, purplebutterfly473, whatsup
Frederik, Andersen, frederik.andersen@example.com, 26, male, happyelephant894, jayhawk
Lene, Mazur, lene.mazur@example.com, 50, female, tinywolf909, dogface
Florence, Matthews, florence.matthews@example.com, 39, female, purplerabbit745, seamus
Jeton, Morin, jeton.morin@example.com, 25, male, ticklishmeercat790, cowboys1
Marija, Fabre, marija.fabre@example.com, 55, female, organicladybug462, pearl
Arthur, Andrews, arthur.andrews@example.com, 61, male, bluerabbit303, nation
Sheryl, Payne, sheryl.payne@example.com, 69, female, happytiger795, roller
Lara, Gauthier, lara.gauthier@example.com, 27, female, heavyfish418, heather1
Olivier, Miller, olivier.miller@example.com, 52, male, lazybird442, manchester
Dan, Kallenbach, dan.kallenbach@example.com, 71, male, bigrabbit886, sabine
Mikael, Harju, mikael.harju@example.com, 24, male, orangefish662, nomad
Niklas, Makinen, niklas.makinen@example.com, 64, male, goldenswan601, walton
Maia, Berger, maia.berger@example.com, 45, female, blueduck191, fruity
Mia, Harris, mia.harris@example.com, 74, female, angryostrich857, buffa
Joseph, Miles, joseph.miles@example.com, 52, male, smallbear747, sword
Anoeska, Geraerts, anoeska.geraerts@example.com, 32, female, whitesnake119, treefrog
Isla, Maunu, isla.maunu@example.com, 72, female, whitewolf955, oxford
Magali, Van Duijnhoven, magali.vanduijnhoven@example.com, 76, female, lazymouse361, blanca
Peter, Garnier, peter.garnier@example.com, 56, male, ticklishostrich351, sable
Maddison, Gregory, maddison.gregory@example.com, 56, female, biglion357, faith1
Eetu, Kallio, eetu.kallio@example.com, 46, male, bigdog209, budapest
Annemarijn, Nieuwenhuijs, annemarijn.nieuwenhuijs@example.com, 59, female, beautifulleopard751, gundam
Melquisedeque, Farias, melquisedeque.farias@example.com, 50, male, purplewolf670, bball
Harriet, Evans, harriet.evans@example.com, 73, female, goldencat598, internal
Özkan, Biçer, ozkan.bicer@example.com, 26, male, silvergoose883, ollie
Maria, Fletcher, maria.fletcher@example.com, 38, female, crazyrabbit994, komodo
Kunigunda, Jahn, kunigunda.jahn@example.com, 65, female, angryrabbit896, live
Onur, Eliçin, onur.elicin@example.com, 45, male, redfish267, beautifu
Cristina, Morel, cristina.morel@example.com, 63, female, ticklishswan446, moose1
William, Bergeron, william.bergeron@example.com, 48, male, bigbutterfly657, jones
Noëlle, Clement, noelle.clement@example.com, 67, female, blacktiger236, houston
Anaëlle, Fabre, anaelle.fabre@example.com, 51, female, organicbird682, junior1
Filippa, Nielsen, filippa.nielsen@example.com, 47, female, tinytiger522, select
Manuela, Perrin, manuela.perrin@example.com, 57, female, bluewolf610, raistlin
Andrea, Pastor, andrea.pastor@example.com, 67, female, heavyduck827, easter
Gustav, Poulsen, gustav.poulsen@example.com, 74, male, sadfish464, divers
Vilma, Wirtanen, vilma.wirtanen@example.com, 28, female, ticklishfrog901, cindy
Soledad, Gallardo, soledad.gallardo@example.com, 64, female, yellowbird646, 8888
Lotte, Morin, lotte.morin@example.com, 35, female, goldenrabbit122, liverpoo
Dominic, Denys, dominic.denys@example.com, 65, male, browngorilla103, 1213
Aria, Williams, aria.williams@example.com, 61, female, ticklishswan904, mommy
Tuva, Straume, tuva.straume@example.com, 70, female, crazyladybug838, radical
Borja, Romero, borja.romero@example.com, 63, male, purplefrog964, magick
Adeline, Lecomte, adeline.lecomte@example.com, 50, female, orangegorilla916, alpha
Ryder, Jones, ryder.jones@example.com, 75, male, bluerabbit342, jayden
Ahmet, Küçükler, ahmet.kucukler@example.com, 27, male, happyladybug602, rusty
Frankie, Moore, frankie.moore@example.com, 30, male, greenladybug588, goblue
Landon, Meyer, landon.meyer@example.com, 65, male, angryswan689, 1225
Emily, Hall, emily.hall@example.com, 55, female, redcat823, passwor1
Nicholas, Fox, nicholas.fox@example.com, 30, male, beautifulleopard436, ncc1701a
Tanya, Montgomery, tanya.montgomery@example.com, 50, female, yellowgoose516, reynolds
Adam, Bates, adam.bates@example.com, 63, male, ticklishgoose297, hiking
Zachary, Daniels, zachary.daniels@example.com, 57, male, heavymouse147, 120676
Pihla, Leppanen, pihla.leppanen@example.com, 55, female, tinybutterfly367, maurice
Inmaculada, Ramirez, inmaculada.ramirez@example.com, 32, female, silverbird734, yogibear
Lieselot, Altun, lieselot.altun@example.com, 62, female, lazyelephant995, kenshin
Alexandra, Lee, alexandra.lee@example.com, 69, female, tinyswan230, ashlee
Emmy, Lacroix, emmy.lacroix@example.com, 53, female, purplecat849, bicycle
Otto, Palo, otto.palo@example.com, 70, male, organicdog235, rocket
Toivo, Peltola, toivo.peltola@example.com, 70, male, bigladybug287, weller
Sacha, Van Oijen, sacha.vanoijen@example.com, 68, female, goldensnake518, porno1
Josiane, Nogueira, josiane.nogueira@example.com, 59, female, goldengoose991, abnormal
Lila, Bonnet, lila.bonnet@example.com, 60, female, ticklishcat187, isabelle
Valentin, Reichel, valentin.reichel@example.com, 25, male, lazyzebra350, booboo
Roland, Crawford, roland.crawford@example.com, 24, male, heavytiger830, shuang
Jose, Rojas, jose.rojas@example.com, 52, male, greenlion106, tiny
Johanne, Pedersen, johanne.pedersen@example.com, 66, female, organicleopard251, asasas
Tristan, Graham, tristan.graham@example.com, 67, male, sadcat280, lalakers
Andreas, Johansen, andreas.johansen@example.com, 26, male, goldenmeercat152, boobs
محمدامين, رضایی, mhmdmyn.rdyy@example.com, 31, male, purplepanda935, mommy
Gonca, Kunter, gonca.kunter@example.com, 57, female, heavyzebra700, peter1
Natalie, Colin, natalie.colin@example.com, 62, female, bluerabbit320, boss
Micha, David, micha.david@example.com, 32, male, beautifullion696, gofish
Nelson, Crawford, nelson.crawford@example.com, 50, male, redpanda431, angie
Babür, Atan, babur.atan@example.com, 41, male, heavyleopard727, pantie
Hildegard, Guerin, hildegard.guerin@example.com, 57, female, heavypeacock900, mantis
Anni, Hannula, anni.hannula@example.com, 30, female, yellowkoala602, elliot
Quintino, da Cunha, quintino.dacunha@example.com, 73, male, blackzebra842, 1200
Raul, Muñoz, raul.munoz@example.com, 32, male, goldenzebra614, graham
Ingmar, Aga, ingmar.aga@example.com, 54, male, redmouse519, crimson
Tristan, Surdal, tristan.surdal@example.com, 42, male, redbutterfly389, browning
Ryder, Wang, ryder.wang@example.com, 27, male, redbear858, spice
Jasmine, Scott, jasmine.scott@example.com, 52, female, yellowrabbit410, 505050
Oliver, Rajala, oliver.rajala@example.com, 72, male, smallgorilla341, premium
Gonca, Tütüncü, gonca.tutuncu@example.com, 25, female, goldensnake441, kume
Linda, Hamilton, linda.hamilton@example.com, 31, female, blackbear895, clarinet
Linus, Øksnes, linus.oksnes@example.com, 67, male, beautifulsnake771, pavlov
Annelise, Faure, annelise.faure@example.com, 44, female, redpanda614, punkin
Signe, Hansen, signe.hansen@example.com, 70, female, angryelephant671, milfnew
Nicole, Snyder, nicole.snyder@example.com, 70, female, blackbird980, jaguar
Jack, Margaret, jack.margaret@example.com, 66, male, purplerabbit256, slave
Tonya, Lambert, tonya.lambert@example.com, 53, female, yellowsnake397, vette
دینا, حسینی, dyn.hsyny@example.com, 75, female, ticklishkoala161, erica
Jessica, Gordon, jessica.gordon@example.com, 36, female, silvertiger393, cartman1
Maja, Larsen, maja.larsen@example.com, 24, female, goldenduck456, california
Gavin, Andrews, gavin.andrews@example.com, 23, male, silverpanda752, member
Catalina, Dijksterhuis, catalina.dijksterhuis@example.com, 58, female, tinygorilla817, books
Barb, Garrett, barb.garrett@example.com, 60, female, ticklishbear367, 1qwerty
Virginia, Hernandez, virginia.hernandez@example.com, 40, female, bigsnake231, bedford
Alexandra, Robinson, alexandra.robinson@example.com, 57, female, brownostrich471, please
Victor, Morin, victor.morin@example.com, 31, male, organicswan982, robot
Timmothy, Shaw, timmothy.shaw@example.com, 40, male, silverduck652, beer
Maëline, Robert, maeline.robert@example.com, 76, female, happygorilla182, blue1
Clara, Lévesque, clara.levesque@example.com, 40, female, ticklishtiger585, username
Mandy, Gibson, mandy.gibson@example.com, 62, female, goldensnake953, willis
Otto, Niska, otto.niska@example.com, 61, male, bigtiger136, stinks
Roberto, Colin, roberto.colin@example.com, 55, male, whitecat817, reptile
Deusdedito, Gomes, deusdedito.gomes@example.com, 27, male, lazydog627, scruffy
Raiza, Kocken, raiza.kocken@example.com, 64, female, whiteleopard128, westham
Jeanne, Nguyen, jeanne.nguyen@example.com, 76, female, reddog322, forgot
Marco, Roman, marco.roman@example.com, 72, male, blueswan771, lemonade
Ellen, Lehtola, ellen.lehtola@example.com, 53, female, sadrabbit574, gonzalez
هلیا, زارعی, hly.zraay@example.com, 72, female, sadostrich114, fuking
آرسین, یاسمی, arsyn.ysmy@example.com, 59, male, purplepanda314, stone
Salma, Lunder, salma.lunder@example.com, 53, female, crazygorilla637, mankind
Dimitri, Muller, dimitri.muller@example.com, 26, male, lazywolf557, doom
Fred, Snyder, fred.snyder@example.com, 30, male, crazylion828, stiletto
Ruby, Turner, ruby.turner@example.com, 50, female, angrysnake755, power
Zain, Hoedemaker, zain.hoedemaker@example.com, 22, male, goldenpeacock442, gamecube
Neea, Wiita, neea.wiita@example.com, 40, female, angryelephant929, adrienne
Kathy, Dean, kathy.dean@example.com, 76, female, beautifulelephant461, awful
Javier, Marquez, javier.marquez@example.com, 66, male, beautifulswan221, helmet
آوا, احمدی, aw.hmdy@example.com, 35, female, angryostrich328, pinky
Nalan, Kıraç, nalan.kirac@example.com, 55, female, orangemouse722, tarzan
Kerttu, Seppanen, kerttu.seppanen@example.com, 63, female, yellowpanda929, nimbus
Özsu, Oraloğlu, ozsu.oraloglu@example.com, 63, female, blackduck255, wildfire
Noham, Noel, noham.noel@example.com, 54, male, bigelephant566, greg
Nolan, Simon, nolan.simon@example.com, 44, male, happypanda704, hello
Gerry, Edwards, gerry.edwards@example.com, 40, male, smallkoala163, care1839
Dustin, Craig, dustin.craig@example.com, 35, male, angrywolf404, kerouac
Santiago, Aguilar, santiago.aguilar@example.com, 73, male, bigfrog479, sucks
Liane, Niggemann, liane.niggemann@example.com, 38, female, sadwolf230, putter
Elizabeth, Reed, elizabeth.reed@example.com, 39, female, organictiger874, 1226
رونیکا, کوتی, rwnykh.khwty@example.com, 41, female, blackbutterfly269, lawrence
Emil, Jensen, emil.jensen@example.com, 69, male, sadfish508, tribe
Elizabeth, Jordan, elizabeth.jordan@example.com, 48, female, heavytiger862, poopoo
Sharon, Holt, sharon.holt@example.com, 32, female, bluefish135, devil666
Matthew, Abraham, matthew.abraham@example.com, 36, male, happycat576, lemmein
Helene, Haukaas, helene.haukaas@example.com, 25, female, organicbird578, whore
Clara, Kelley, clara.kelley@example.com, 31, female, yellowgoose938, easton
Eren, Tuğlu, eren.tuglu@example.com, 45, male, greenfrog370, litle
پرهام, قاسمی, prhm.qsmy@example.com, 71, male, brownbear183, metoo
Karl-Wilhelm, Haustein, karl-wilhelm.haustein@example.com, 65, male, organicpanda399, whitesox
Lucélia, Campos, lucelia.campos@example.com, 56, female, ticklishbear440, stacey
زهرا, موسوی, zhr.mwswy@example.com, 38, female, tinybird824, tribe
Peter, Haveland, peter.haveland@example.com, 74, male, tinyleopard614, jennaj
Grace, Chen, grace.chen@example.com, 55, female, blackelephant125, bike
یسنا, كامياران, ysn.kmyrn@example.com, 44, female, blacksnake245, triton
Joshua, Opitz, joshua.opitz@example.com, 40, male, ticklishfrog517, austria
Samuel, Ouellet, samuel.ouellet@example.com, 54, male, greenbutterfly824, wood
Alma, Jørgensen, alma.jorgensen@example.com, 42, female, ticklishtiger777, 1129
Sindre, Eidsvåg, sindre.eidsvag@example.com, 54, male, browntiger616, mathew
Bianka, Poth, bianka.poth@example.com, 22, female, beautifulkoala496, drummer
Emilie, Sørensen, emilie.sorensen@example.com, 30, female, redpeacock743, stimpy
Quírio, Nogueira, quirio.nogueira@example.com, 30, male, angryostrich529, hattrick
دینا, یاسمی, dyn.ysmy@example.com, 47, female, crazylion719, omar
Amel, Boesveld, amel.boesveld@example.com, 44, male, purplebird310, sylveste
Onni, Heikkila, onni.heikkila@example.com, 27, male, browndog914, sabbath
Krin, Bates, krin.bates@example.com, 67, female, bigfrog614, 000001
Anine, Russchen, anine.russchen@example.com, 48, female, purplegorilla573, rebel1
Karla, Christensen, karla.christensen@example.com, 35, female, goldenrabbit553, bella1
Leanne, Ross, leanne.ross@example.com, 61, female, greenladybug889, admiral
Harry, Morris, harry.morris@example.com, 60, male, bigbird360, 7007
Alexandra, Morris, alexandra.morris@example.com, 73, female, greenladybug443, pimp
Jofre, Rocha, jofre.rocha@example.com, 27, male, greenbutterfly745, monsters
محمدپارسا, صدر, mhmdprs.sdr@example.com, 48, male, silverfish143, ellie
Josane, da Costa, josane.dacosta@example.com, 55, female, happyladybug259, tomtom
آرمین, سلطانی نژاد, armyn.sltnynjd@example.com, 68, male, bigpanda513, clovis
Victor, Jones, victor.jones@example.com, 27, male, redleopard825, pebbles
Gonca, Tekand, gonca.tekand@example.com, 37, female, brownladybug367, ronald
Barbara, Giraud, barbara.giraud@example.com, 53, female, yellowfrog368, butterfly
Ronald, Shaw, ronald.shaw@example.com, 32, male, whitezebra289, truth
Clifford, Gonzales, clifford.gonzales@example.com, 27, male, heavyduck864, 3ip76k2
Bella, Sullivan, bella.sullivan@example.com, 61, female, purplecat626, ratman
Sara, Guillaume, sara.guillaume@example.com, 58, female, tinymouse235, core
Margarita, Dumas, margarita.dumas@example.com, 43, female, orangeladybug319, beaches
Nella, Raisanen, nella.raisanen@example.com, 34, female, goldenladybug817, kristina
Victor, Miller, victor.miller@example.com, 35, male, happygoose629, hores
Agustin, Gomez, agustin.gomez@example.com, 23, male, goldenleopard127, tinman
Amy, Morin, amy.morin@example.com, 66, female, tinyleopard220, teenage
Meral, Karaduman, meral.karaduman@example.com, 62, female, redtiger652, zzzzzz
Marius, Petersen, marius.petersen@example.com, 53, male, bigleopard736, billyboy
Stella, Lynch, stella.lynch@example.com, 42, female, whiteelephant331, iiiiiii
Yoëlle, Mohammadi, yoelle.mohammadi@example.com, 34, female, heavyzebra342, tintin
Olivier, Park, olivier.park@example.com, 63, male, goldensnake590, joyce
Niklaus, Charles, niklaus.charles@example.com, 49, male, crazytiger618, temptress
Thea, Jensen, thea.jensen@example.com, 27, female, bluegoose479, casey
Deniz, Paksüt, deniz.paksut@example.com, 74, female, heavywolf388, otto
Elmas, Eeken, elmas.eeken@example.com, 66, female, orangegorilla244, zeus
Susanna, Tucker, susanna.tucker@example.com, 34, female, greenpeacock606, jefferso
Quaresma, Ribeiro, quaresma.ribeiro@example.com, 60, male, crazypeacock866, 8inches
اميرحسين, كامياران, myrhsyn.kmyrn@example.com, 51, male, happysnake854, homerj
Marianna, Pierre, marianna.pierre@example.com, 52, female, orangepanda644, mermaid
Talita, Duarte, talita.duarte@example.com, 38, female, heavycat964, leather
Roseneide, Rodrigues, roseneide.rodrigues@example.com, 30, female, smallsnake382, nitram
Coşkun, Duygulu, coskun.duygulu@example.com, 52, male, heavyfish949, bryant
Charles, Fuller, charles.fuller@example.com, 52, male, angryelephant186, thesims
Justin, Reynolds, justin.reynolds@example.com, 34, male, goldenelephant441, redalert
Soufian, Lodewijk, soufian.lodewijk@example.com, 28, male, lazybear295, ginger
Alexis, King, alexis.king@example.com, 73, female, angrysnake817, jasmine
Otto, Blanchard, otto.blanchard@example.com, 62, male, ticklishlion937, jesus1
غزل, حیدری, gzl.hydry@example.com, 60, female, brownsnake458, 33333333
Esat, Paksüt, esat.paksut@example.com, 38, male, organiczebra276, mookie
Jean-Luc, Renaud, jean-luc.renaud@example.com, 61, male, happygoose299, beethove
Iida, Lehtonen, iida.lehtonen@example.com, 71, female, smallostrich401, glotest
Sophie, Harris, sophie.harris@example.com, 54, female, lazypeacock231, piao
Ashley, Harrison, ashley.harrison@example.com, 37, female, silverfish485, lindsay
Nihal, Aydan, nihal.aydan@example.com, 32, male, purplemouse602, allsop
Maya, Wong, maya.wong@example.com, 62, female, ticklishbear487, alexande
Kamila, Bakkelund, kamila.bakkelund@example.com, 67, female, crazypanda365, ontario
Eduardo, Calvo, eduardo.calvo@example.com, 45, male, organicostrich931, dean
Caroline, Mortensen, caroline.mortensen@example.com, 71, female, blackswan891, kokomo
Jacira, Viana, jacira.viana@example.com, 25, female, heavytiger236, candle
Charles, Hicks, charles.hicks@example.com, 54, male, goldentiger255, tracer
Liva, Petersen, liva.petersen@example.com, 35, female, angryladybug805, jsbach
Ceyda, Haast, ceyda.haast@example.com, 67, female, silvergorilla218, animated
درسا, صدر, drs.sdr@example.com, 51, female, heavykoala721, niao
Rafael, Ortega, rafael.ortega@example.com, 26, male, sadtiger816, maxime
Michelle, Burton, michelle.burton@example.com, 62, female, greenbutterfly401, qwertyu
Grace, Chen, grace.chen@example.com, 55, female, goldenostrich629, fettish
Reinoud, Hassink, reinoud.hassink@example.com, 73, male, organiccat444, sanity72
Clarisse, Dupont, clarisse.dupont@example.com, 43, female, tinyduck842, golf
سارینا, رضایی, sryn.rdyy@example.com, 35, female, happybear710, fmale
Deniz, Küçükler, deniz.kucukler@example.com, 66, male, lazywolf704, design
Ella, Kumar, ella.kumar@example.com, 60, female, blackkoala549, casper
Georgia, Zhang, georgia.zhang@example.com, 22, female, tinygorilla864, bones
James, Chevalier, james.chevalier@example.com, 24, male, orangegoose719, yessir
Amanda, Jennings, amanda.jennings@example.com, 59, female, blackduck311, deeznuts
Nathaniel, Gonzalez, nathaniel.gonzalez@example.com, 59, male, orangelion594, kane
Avery, Knight, avery.knight@example.com, 39, female, goldentiger857, liberty
Aurore, Aubert, aurore.aubert@example.com, 38, female, crazyostrich863, nate
Malthe, Nielsen, malthe.nielsen@example.com, 43, male, goldenbear831, pulled
Tyler, Johnson, tyler.johnson@example.com, 56, male, lazybutterfly214, 1993
بردیا, نجاتی, brdy.njty@example.com, 54, male, goldenpeacock153, element
Rayan, Colin, rayan.colin@example.com, 29, male, heavyzebra280, 9876
Alban, David, alban.david@example.com, 34, male, redgorilla780, lori
Oskari, Heikkila, oskari.heikkila@example.com, 30, male, sadbird497, doobie
Denira, Ramos, denira.ramos@example.com, 65, female, happyfish596, dnsadm
Colleen, White, colleen.white@example.com, 65, female, goldencat332, rain
Rui, Souza, rui.souza@example.com, 39, male, orangeswan879, susanne
Alejandro, Ibañez, alejandro.ibanez@example.com, 72, male, purplegoose180, lansing
Hans Georg, Hammes, hansgeorg.hammes@example.com, 38, male, happyladybug283, monkeybo
Beverley, Long, beverley.long@example.com, 38, female, redfish758, burner
Ramona, Merkel, ramona.merkel@example.com, 39, female, silverpeacock293, 030303
Emma, Reynolds, emma.reynolds@example.com, 28, female, ticklishtiger107, cicero
Irmela, Celik, irmela.celik@example.com, 57, female, sadgoose123, zhan
Daniel, Silva, daniel.silva@example.com, 41, male, heavypanda358, their
Etelvira, Fernandes, etelvira.fernandes@example.com, 63, female, heavykoala719, bluesky
Tracey, Carter, tracey.carter@example.com, 69, female, redmeercat151, shakur
Daniel, Gauthier, daniel.gauthier@example.com, 70, male, brownbutterfly155, gator
النا, محمدخان, ln.mhmdkhn@example.com, 30, female, beautifulfish493, cardinal
Aurora, Castro, aurora.castro@example.com, 60, female, bigelephant764, jayson
Miriam, Woods, miriam.woods@example.com, 64, female, orangetiger691, rookie
Jasper, Lee, jasper.lee@example.com, 23, male, browngoose438, raquel
Niklas, Hanka, niklas.hanka@example.com, 66, male, goldenkoala203, martin
Asher, Lee, asher.lee@example.com, 46, male, beautifulostrich918, loaded
Marloes, Verhagen, marloes.verhagen@example.com, 59, female, ticklishleopard128, training
هلیا, رضایی, hly.rdyy@example.com, 74, female, yellowduck535, fruity
Zenon, Krampe, zenon.krampe@example.com, 53, male, smallladybug447, these
Emilia, Polon, emilia.polon@example.com, 53, female, tinymeercat602, geng
Marcus, Gutierrez, marcus.gutierrez@example.com, 41, male, silvercat114, vermont
Hüseyin, Lührs, huseyin.luhrs@example.com, 42, male, organicdog975, finance
Theodore, Singh, theodore.singh@example.com, 72, male, beautifulostrich686, highland
Jacob, Macdonald, jacob.macdonald@example.com, 76, male, tinytiger657, over
Gina, De Kreek, gina.dekreek@example.com, 68, female, greenbutterfly167, drive
Tarjei, Myhr, tarjei.myhr@example.com, 61, male, smallmeercat777, 1230
Mauro, Caron, mauro.caron@example.com, 34, male, organicbird729, avalanch
Gene, Miles, gene.miles@example.com, 35, male, yellowduck327, burton
Arttu, Ketola, arttu.ketola@example.com, 56, male, bluebutterfly786, pompey
Davut, Doğan, davut.dogan@example.com, 25, male, greentiger455, onion
Lisa, Burton, lisa.burton@example.com, 43, female, saddog121, fettish
Väinö, Lampo, vaino.lampo@example.com, 23, male, goldenelephant543, kissing
Rosie, Williamson, rosie.williamson@example.com, 54, female, yellowostrich459, pingpong
بهار, احمدی, bhr.hmdy@example.com, 44, female, sadfrog392, clover
Kimberly, Brooks, kimberly.brooks@example.com, 27, female, bluerabbit118, biao
Martine, Ferstad, martine.ferstad@example.com, 26, female, goldenfrog971, woodie
Donna, Richards, donna.richards@example.com, 55, female, heavypeacock155, 1234567890
الینا, محمدخان, lyn.mhmdkhn@example.com, 32, female, crazygorilla898, shinobi
Sara, Wilson, sara.wilson@example.com, 32, female, happygoose120, 1dragon
Cody, Arnold, cody.arnold@example.com, 32, male, organicmouse610, leonard
Flynn, Lee, flynn.lee@example.com, 31, male, blackcat870, referee
Dyon, Niezen, dyon.niezen@example.com, 61, female, ticklishkoala474, palmtree
Till, Jungbluth, till.jungbluth@example.com, 33, male, whitekoala510, 24682468
Roger, Cox, roger.cox@example.com, 45, male, whitemouse359, 789789
Daniel, Ma, daniel.ma@example.com, 40, male, heavyelephant362, stripper
Evelyn, Bates, evelyn.bates@example.com, 69, female, whitedog765, marley
Rose, Porter, rose.porter@example.com, 30, female, heavyostrich207, firefly
Djamila, Van Leersum, djamila.vanleersum@example.com, 72, female, angryswan761, brandy1
سوگند, علیزاده, swgnd.aalyzdh@example.com, 53, female, organicfish480, sandman
Kiara, Andre, kiara.andre@example.com, 75, female, bluebutterfly997, allison
Jeannette, Adam, jeannette.adam@example.com, 62, female, angrypanda805, place
Reingard, Steinberg, reingard.steinberg@example.com, 46, female, organicrabbit581, emmitt
Anatole, Picard, anatole.picard@example.com, 68, male, greengorilla980, rose
Luukas, Hannula, luukas.hannula@example.com, 67, male, happybird586, watford
Amel, Berns, amel.berns@example.com, 51, female, whitekoala122, kathryn
Alexander, Martin, alexander.martin@example.com, 50, male, heavypanda274, compton
Edmund, Wiechert, edmund.wiechert@example.com, 57, male, bigtiger606, 55555555
Blanca, Moreno, blanca.moreno@example.com, 47, female, sadlion303, vincent1
Eeli, Remes, eeli.remes@example.com, 35, male, purplesnake864, niao
Andre, Weisser, andre.weisser@example.com, 66, male, beautifulpanda261, alpha
Vicky, Olson, vicky.olson@example.com, 42, female, lazybird497, 2000
Dietrich, Buschmann, dietrich.buschmann@example.com, 60, male, yellowmeercat657, cameron
Johnni, Ross, johnni.ross@example.com, 35, male, browntiger721, ccccccc
Marilice, Sales, marilice.sales@example.com, 35, female, beautifulbear146, tiao
Jo, Brooks, jo.brooks@example.com, 57, female, orangesnake982, peterpan
Wallace, Steward, wallace.steward@example.com, 40, male, happybird792, splurge
Veraldina, Teixeira, veraldina.teixeira@example.com, 74, female, greensnake980, llll
Nelson, Cunningham, nelson.cunningham@example.com, 28, male, organiczebra600, artist
Baptiste, Roger, baptiste.roger@example.com, 46, male, redmouse111, pooky
Sienna, Walker, sienna.walker@example.com, 41, female, blackmouse780, fart
Thiago, Berger, thiago.berger@example.com, 63, male, bluemeercat703, abigail
Concetta, Steinkamp, concetta.steinkamp@example.com, 30, female, silverwolf416, cards
Jean-Pierre, Dubois, jean-pierre.dubois@example.com, 73, male, crazykoala733, 1013
Larry, Meyer, larry.meyer@example.com, 27, male, bigmouse784, preacher
Lily, Wilson, lily.wilson@example.com, 38, female, bluemouse603, manuel
Vílson, da Mota, vilson.damota@example.com, 70, male, silverfrog580, liberty
Martin, Vazquez, martin.vazquez@example.com, 49, male, whitebear864, konyor
Frankie, Grant, frankie.grant@example.com, 25, male, whitecat990, stacey
Ceylan, Alpuğan, ceylan.alpugan@example.com, 48, female, angryduck723, kojak
Aaliyah, Chen, aaliyah.chen@example.com, 26, female, sadmouse337, gangsta
Nihal, Akışık, nihal.akisik@example.com, 51, male, whitefish242, scout
Aatu, Heino, aatu.heino@example.com, 47, male, purpleladybug714, hallo
Harro, Köppen, harro.koppen@example.com, 70, male, greensnake512, neil
Katerine, Pinto, katerine.pinto@example.com, 23, female, goldengorilla548, simba
Matilda, Wood, matilda.wood@example.com, 25, female, blackzebra997, hetfield
Domínico, Rocha, dominico.rocha@example.com, 62, male, angrygorilla906, juventus
Marcus, Pedersen, marcus.pedersen@example.com, 31, male, silverbutterfly113, hand
Arnaud, Liu, arnaud.liu@example.com, 48, male, purplepeacock788, 77777
Mohammed, Picard, mohammed.picard@example.com, 54, male, angryfrog836, gore
Jörg, Morin, jorg.morin@example.com, 37, male, tinypeacock681, games
Viveque, Rocha, viveque.rocha@example.com, 52, male, lazysnake309, nobody
مهدیس, رضایی, mhdys.rdyy@example.com, 76, female, happydog973, spunky
Juliane, Leithe, juliane.leithe@example.com, 62, female, saddog388, lucas
Jack, Cox, jack.cox@example.com, 68, male, angryswan153, sheriff
ثنا, رضایی, thn.rdyy@example.com, 65, female, ticklishladybug490, buckeyes
Carter, Lavoie, carter.lavoie@example.com, 41, male, ticklishduck632, choke
Victoria, Caballero, victoria.caballero@example.com, 32, female, whiterabbit352, 1204
Melvin, Oelen, melvin.oelen@example.com, 36, male, happyfrog966, smith1
Annamaria, Höll, annamaria.holl@example.com, 59, female, happypanda646, gonzo
Etienne, Sirko, etienne.sirko@example.com, 36, male, sadzebra534, quebec
Bryan, Ray, bryan.ray@example.com, 74, male, heavybear584, thumper
Gema, Marin, gema.marin@example.com, 69, female, redcat746, krissy
Gabrielle, Vincent, gabrielle.vincent@example.com, 32, female, smalllion839, orlando
Rafael, Gauthier, rafael.gauthier@example.com, 28, male, blackwolf635, field
Larry, Olson, larry.olson@example.com, 29, male, purplewolf948, simona
Mia, Margaret, mia.margaret@example.com, 48, female, silverzebra319, beerbeer
Sophie, Brar, sophie.brar@example.com, 62, female, brownbutterfly273, architec
Ediane, Barbosa, ediane.barbosa@example.com, 63, female, ticklishlion322, beatles1
Niklas, Wiita, niklas.wiita@example.com, 65, male, greenbutterfly390, startrek
Signe, Poulsen, signe.poulsen@example.com, 70, female, purplerabbit483, 112233
Morris, Grant, morris.grant@example.com, 72, male, heavyrabbit401, newpass
Victoria, Lacroix, victoria.lacroix@example.com, 31, female, silverpanda856, shoes
Arttu, Jokinen, arttu.jokinen@example.com, 76, male, beautifulzebra572, nico
Alina, Toverud, alina.toverud@example.com, 71, female, sadbird581, guardian
Anne, Torres, anne.torres@example.com, 30, female, bluemeercat809, kingkong
Wilko, Geleijns, wilko.geleijns@example.com, 64, male, yellowduck435, 456456
Gino, Huth, gino.huth@example.com, 69, male, crazywolf881, sammy1
فاطمه, گلشن, ftmh.glshn@example.com, 35, female, whiteelephant391, damage
Melitta, Knödler, melitta.knodler@example.com, 39, female, brownpeacock480, seng
Anthony, Ravn, anthony.ravn@example.com, 70, male, whitemeercat403, halflife
Elian, Beck, elian.beck@example.com, 28, male, yellowrabbit234, eleanor
Gonca, Akal, gonca.akal@example.com, 44, female, lazyelephant814, moonshin
محمدطاها, پارسا, mhmdth.prs@example.com, 62, male, whitelion946, yogibear
Chris, Fleming, chris.fleming@example.com, 25, male, blackladybug543, dddddd
Fatime, Thomas, fatime.thomas@example.com, 32, female, organicgoose953, lawrence
بنیامین, کوتی, bnymyn.khwty@example.com, 42, male, lazyladybug230, illusion
Rúbia, Freitas, rubia.freitas@example.com, 38, female, smalldog879, annette
Begoña, Diez, begona.diez@example.com, 65, female, blackostrich694, hercules
Sheryl, Frazier, sheryl.frazier@example.com, 35, female, brownleopard423, play
Nikolay, Foss, nikolay.foss@example.com, 48, male, whitebear177, party
Siiri, Halla, siiri.halla@example.com, 24, female, organicostrich465, chubby
Julia, Santos, julia.santos@example.com, 31, female, lazycat703, monkey
Helmi, Kivi, helmi.kivi@example.com, 43, female, tinykoala315, 2005
درسا, حیدری, drs.hydry@example.com, 41, female, blackgoose838, prosper
Konsta, Juntunen, konsta.juntunen@example.com, 56, male, redrabbit490, hewitt
Alison, Evans, alison.evans@example.com, 39, female, beautifulbear540, juice
Malin, Le Gall, malin.legall@example.com, 74, female, purplerabbit286, ninjas
Dajana, Pfeiffer, dajana.pfeiffer@example.com, 43, female, redkoala497, liverpool
Oğuzhan, Çatalbaş, oguzhan.catalbas@example.com, 44, male, smallduck643, breast
تینا, كامياران, tyn.kmyrn@example.com, 22, female, lazydog109, american
Nalan, Tunaboylu, nalan.tunaboylu@example.com, 63, female, lazybird331, rainman
Louise, Nguyen, louise.nguyen@example.com, 30, female, goldenfrog903, mamas
Eetu, Hietala, eetu.hietala@example.com, 65, male, heavyfish909, 11223344
Karla, Rasmussen, karla.rasmussen@example.com, 32, female, yellowsnake795, leeann
Ivy, Thomas, ivy.thomas@example.com, 47, female, orangerabbit532, frosch
Frederik, Nielsen, frederik.nielsen@example.com, 48, male, ticklishmouse362, 1997
Sophia, Gregory, sophia.gregory@example.com, 45, female, bluezebra400, rockies
Rogério, Melo, rogerio.melo@example.com, 40, male, organicgorilla704, chewbacc
Esperanza, Lozano, esperanza.lozano@example.com, 29, female, ticklishswan309, lulu
Tess, Da Silva, tess.dasilva@example.com, 47, female, whitepanda658, native
Nicholas, Castro, nicholas.castro@example.com, 63, male, goldenladybug182, giant
آوا, علیزاده, aw.aalyzdh@example.com, 59, female, redkoala423, caught
Eemil, Leppanen, eemil.leppanen@example.com, 47, male, angryleopard203, 78945612
Rick, George, rick.george@example.com, 63, male, bigwolf122, loverboy
مارال, سهيلي راد, mrl.shylyrd@example.com, 64, female, purplemeercat494, hitler
Batur, Tuğlu, batur.tuglu@example.com, 31, male, ticklishtiger456, ashley
Nicky, Fowler, nicky.fowler@example.com, 43, female, beautifulpanda657, mazdarx7
Harold, Gordon, harold.gordon@example.com, 31, male, crazymeercat139, bigred
Nicky, Straathof, nicky.straathof@example.com, 38, male, smallfrog611, nimitz
Toivo, Lampinen, toivo.lampinen@example.com, 45, male, bigleopard663, lazarus
Kariem, Van der Rijst, kariem.vanderrijst@example.com, 59, male, ticklishlion803, alan
Eugenio, Ferrer, eugenio.ferrer@example.com, 71, male, organicwolf288, hallowee
Eitel, Hartung, eitel.hartung@example.com, 43, male, ticklishtiger338, 111111
Dianne, Adams, dianne.adams@example.com, 69, female, orangegoose346, iloveyou
Tatjana, Lefevre, tatjana.lefevre@example.com, 64, female, sadbutterfly752, getsome
Hans Georg, Dunker, hansgeorg.dunker@example.com, 60, male, smallmouse291, mine
Emily, Park, emily.park@example.com, 58, female, redleopard261, carbon
Melissa, Wagner, melissa.wagner@example.com, 31, female, yellowladybug160, snowball
Ouissam, Beemsterboer, ouissam.beemsterboer@example.com, 38, male, yellowpeacock341, winston1
Lincoln, Jackson, lincoln.jackson@example.com, 31, male, smallbear382, almond
Leanne, White, leanne.white@example.com, 33, female, organiczebra225, callie
